﻿<?xml version="1.0"?>
<doc>
<assembly>
<name>
Weekly Assignment MOD 3
</name>
</assembly>
<members>
<member name="T:Weekly_Assignment_MOD_3.My.Resources.Resources">
<summary>
  A strongly-typed resource class, for looking up localized strings, etc.
</summary>
</member>
<member name="P:Weekly_Assignment_MOD_3.My.Resources.Resources.ResourceManager">
<summary>
  Returns the cached ResourceManager instance used by this class.
</summary>
</member>
<member name="P:Weekly_Assignment_MOD_3.My.Resources.Resources.Culture">
<summary>
  Overrides the current thread's CurrentUICulture property for all
  resource lookups using this strongly typed resource class.
</summary>
</member>
<member name="P:Weekly_Assignment_MOD_3.My.Resources.Resources._10cents">
<summary>
  Looks up a localized resource of type System.Drawing.Bitmap.
</summary>
</member>
<member name="P:Weekly_Assignment_MOD_3.My.Resources.Resources._25cents">
<summary>
  Looks up a localized resource of type System.Drawing.Bitmap.
</summary>
</member>
<member name="P:Weekly_Assignment_MOD_3.My.Resources.Resources._50cents">
<summary>
  Looks up a localized resource of type System.Drawing.Bitmap.
</summary>
</member>
<member name="P:Weekly_Assignment_MOD_3.My.Resources.Resources._5cents">
<summary>
  Looks up a localized resource of type System.Drawing.Bitmap.
</summary>
</member>
</members>
</doc>
